date,ticker,actual_label,actual_next_wk_return,score,predicted_up
2023-01-06,AAPL,0,0.039654,0.600000,1
2023-01-06,AMZN,1,0.139870,0.700000,1
2023-01-06,BRK-B,0,-0.003295,1.000000,1
2023-01-06,GOOGL,1,0.054729,0.800000,1
2023-01-06,JNJ,0,-0.037836,0.100000,0
2023-01-06,JPM,0,0.036755,0.900000,1
2023-01-06,META,1,0.053530,0.200000,0
2023-01-06,MSFT,1,0.063575,0.300000,0
2023-01-06,TSLA,1,0.082611,0.400000,0
2023-01-06,V,0,0.024386,0.500000,0
2023-01-13,AAPL,1,0.023078,0.600000,1
2023-01-13,AMZN,0,-0.008867,0.300000,0
2023-01-13,BRK-B,0,-0.024462,0.500000,0
2023-01-13,GOOGL,1,0.064047,0.400000,0
2023-01-13,JNJ,0,-0.027043,0.200000,0
2023-01-13,JPM,0,-0.055451,1.000000,1
2023-01-13,META,1,0.017448,0.900000,1
2023-01-13,MSFT,0,0.004138,0.800000,1
2023-01-13,TSLA,1,0.090033,0.700000,1
2023-01-13,V,0,0.005604,0.100000,0
2023-01-20,AAPL,0,0.058461,0.400000,0
2023-01-20,AMZN,0,0.051311,0.550000,1
2023-01-20,BRK-B,0,-0.002259,1.000000,1
2023-01-20,GOOGL,0,0.013773,0.300000,0
2023-01-20,JNJ,0,-0.003022,0.700000,1
2023-01-20,JPM,0,0.038792,0.800000,1
2023-01-20,META,1,0.088757,0.550000,1
2023-01-20,MSFT,0,0.033053,0.200000,0
2023-01-20,TSLA,1,0.333383,0.100000,0
2023-01-20,V,0,0.031786,0.900000,1
2023-01-27,AAPL,1,0.058727,0.400000,0
2023-01-27,AMZN,0,0.011248,0.700000,1
2023-01-27,BRK-B,0,-0.002135,0.200000,0
2023-01-27,GOOGL,1,0.054443,0.550000,1
2023-01-27,JNJ,0,-0.021518,0.100000,0
2023-01-27,JPM,0,0.005487,0.850000,1
2023-01-27,META,1,0.229273,0.300000,0
2023-01-27,MSFT,0,0.041062,1.000000,1
2023-01-27,TSLA,1,0.067903,0.550000,1
2023-01-27,V,0,-0.005660,0.850000,1
2023-02-03,AAPL,0,-0.021097,0.800000,1
2023-02-03,AMZN,0,-0.055905,0.500000,0
2023-02-03,BRK-B,1,0.004473,0.350000,0
2023-02-03,GOOGL,0,-0.097442,0.900000,1
2023-02-03,JNJ,1,-0.014944,0.200000,0
2023-02-03,JPM,1,-0.000354,0.100000,0
2023-02-03,META,0,-0.066370,1.000000,1
2023-02-03,MSFT,1,0.018386,0.350000,0
2023-02-03,TSLA,1,0.036372,0.600000,1
2023-02-03,V,1,-0.010798,0.700000,1
2023-02-10,AAPL,1,0.010198,0.200000,0
2023-02-10,AMZN,0,-0.004200,0.400000,0
2023-02-10,BRK-B,0,-0.005325,0.700000,1
2023-02-10,GOOGL,0,-0.002326,0.550000,1
2023-02-10,JNJ,0,-0.003740,0.100000,0
2023-02-10,JPM,1,0.008508,1.000000,1
2023-02-10,META,0,-0.007292,0.300000,0
2023-02-10,MSFT,0,-0.016700,0.550000,1
2023-02-10,TSLA,1,0.058002,0.800000,1
2023-02-10,V,0,-0.016021,0.900000,1
2023-02-17,AAPL,0,-0.038283,0.500000,0
2023-02-17,AMZN,0,-0.038066,0.600000,1
2023-02-17,BRK-B,1,-0.013691,0.200000,0
2023-02-17,GOOGL,0,-0.055326,0.800000,1
2023-02-17,JNJ,1,-0.027558,0.100000,0
2023-02-17,JPM,1,-0.009210,0.400000,0
2023-02-17,META,1,-0.014403,0.900000,1
2023-02-17,MSFT,0,-0.034256,1.000000,1
2023-02-17,TSLA,0,-0.054870,0.300000,0
2023-02-17,V,1,-0.017937,0.700000,1
2023-02-24,AAPL,1,0.029446,0.300000,0
2023-02-24,AMZN,0,0.014973,0.400000,0
2023-02-24,BRK-B,1,0.027729,0.800000,1
2023-02-24,GOOGL,1,0.050713,0.200000,0
2023-02-24,JNJ,0,-0.012503,0.500000,0
2023-02-24,JPM,0,0.019371,0.900000,1
2023-02-24,META,1,0.087212,0.100000,0
2023-02-24,MSFT,0,0.024356,1.000000,1
2023-02-24,TSLA,0,0.004622,0.700000,1
2023-02-24,V,0,0.019221,0.600000,1
2023-03-03,AAPL,1,-0.016752,0.800000,1
2023-03-03,AMZN,0,-0.043941,1.000000,1
2023-03-03,BRK-B,1,-0.028229,0.100000,0
2023-03-03,GOOGL,1,-0.032248,0.700000,1
2023-03-03,JNJ,1,-0.015647,0.200000,0
2023-03-03,JPM,0,-0.069678,0.550000,1
2023-03-03,META,1,-0.030985,0.400000,0
2023-03-03,MSFT,1,-0.026245,0.300000,0
2023-03-03,TSLA,0,-0.123110,0.900000,1
2023-03-03,V,1,-0.034097,0.550000,1
2023-03-10,AAPL,1,0.043771,0.100000,0
2023-03-10,AMZN,1,0.090598,0.700000,1
2023-03-10,BRK-B,0,-0.033330,0.800000,1
2023-03-10,GOOGL,1,0.121262,0.500000,0
2023-03-10,JNJ,0,0.005079,0.400000,0
2023-03-10,JPM,0,-0.058661,0.900000,1
2023-03-10,META,1,0.089689,0.600000,1
2023-03-10,MSFT,1,0.124060,0.200000,0
2023-03-10,TSLA,0,0.038572,0.300000,0
2023-03-10,V,0,0.005783,1.000000,1
2023-03-17,AAPL,1,0.033871,0.700000,1
2023-03-17,AMZN,0,-0.008287,0.800000,1
2023-03-17,BRK-B,0,0.018432,0.300000,0
2023-03-17,GOOGL,1,0.037591,0.600000,1
2023-03-17,JNJ,0,0.001772,0.100000,0
2023-03-17,JPM,0,-0.007154,0.400000,0
2023-03-17,META,1,0.053167,0.500000,0
2023-03-17,MSFT,0,0.004080,0.900000,1
2023-03-17,TSLA,1,0.057070,0.200000,0
2023-03-17,V,0,0.016790,1.000000,1
2023-03-24,AAPL,0,0.029017,0.550000,1
2023-03-24,AMZN,1,0.052583,0.800000,1
2023-03-24,BRK-B,1,0.032952,0.900000,1
2023-03-24,GOOGL,0,-0.016218,0.150000,0
2023-03-24,JNJ,0,0.015395,1.000000,1
2023-03-24,JPM,1,0.043231,0.550000,1
2023-03-24,META,0,0.028785,0.300000,0
2023-03-24,MSFT,0,0.027551,0.400000,0
2023-03-24,TSLA,1,0.089544,0.150000,0
2023-03-24,V,0,0.019996,0.700000,1
2023-03-31,AAPL,0,-0.001456,0.400000,0
2023-03-31,AMZN,0,-0.011908,0.700000,1
2023-03-31,BRK-B,1,0.012113,0.100000,0
2023-03-31,GOOGL,1,0.045213,0.900000,1
2023-03-31,JNJ,1,0.065484,0.300000,0
2023-03-31,JPM,0,-0.014117,0.200000,0
2023-03-31,META,1,0.019628,1.000000,1
2023-03-31,MSFT,1,0.011447,0.600000,1
2023-03-31,TSLA,0,-0.107973,0.800000,1
2023-03-31,V,1,0.002351,0.500000,0
2023-04-07,AAPL,0,0.003340,0.400000,0
2023-04-07,AMZN,0,0.004409,0.300000,0
2023-04-07,BRK-B,1,0.023135,0.900000,1
2023-04-07,GOOGL,0,0.004151,0.200000,0
2023-04-07,JNJ,0,0.004178,0.500000,0
2023-04-07,JPM,1,0.088335,1.000000,1
2023-04-07,META,1,0.024942,0.800000,1
2023-04-07,MSFT,0,-0.018724,0.100000,0
2023-04-07,TSLA,0,-0.000324,0.600000,1
2023-04-07,V,1,0.035532,0.700000,1
2023-04-14,AAPL,1,-0.001150,0.300000,0
2023-04-14,AMZN,1,0.043410,1.000000,1
2023-04-14,BRK-B,1,0.014355,0.200000,0
2023-04-14,GOOGL,0,-0.031781,0.100000,0
2023-04-14,JNJ,0,-0.018994,0.400000,0
2023-04-14,JPM,1,0.013047,0.550000,1
2023-04-14,META,0,-0.038828,0.800000,1
2023-04-14,MSFT,1,-0.001328,0.550000,1
2023-04-14,TSLA,0,-0.107676,0.900000,1
2023-04-14,V,1,0.000128,0.700000,1
2023-04-21,AAPL,1,0.028239,0.400000,0
2023-04-21,AMZN,0,-0.014117,0.500000,0
2023-04-21,BRK-B,0,0.013011,0.600000,1
2023-04-21,GOOGL,0,0.018310,0.900000,1
2023-04-21,JNJ,0,0.006208,0.800000,1
2023-04-21,JPM,0,-0.016365,0.200000,0
2023-04-21,META,1,0.128846,1.000000,1
2023-04-21,MSFT,1,0.075238,0.300000,0
2023-04-21,TSLA,0,-0.004664,0.100000,0
2023-04-21,V,0,-0.005640,0.700000,1
2023-04-28,AAPL,1,0.022926,0.200000,0
2023-04-28,AMZN,1,0.001992,0.600000,1
2023-04-28,BRK-B,0,-0.014214,0.700000,1
2023-04-28,GOOGL,0,-0.016490,0.100000,0
2023-04-28,JNJ,0,-0.006231,0.300000,0
2023-04-28,JPM,0,-0.010851,0.900000,1
2023-04-28,META,0,-0.031375,1.000000,1
2023-04-28,MSFT,1,0.011033,0.400000,0
2023-04-28,TSLA,1,0.034995,0.800000,1
2023-04-28,V,0,-0.004082,0.500000,0
2023-05-05,AAPL,0,-0.004386,0.350000,0
2023-05-05,AMZN,1,0.043536,1.000000,1
2023-05-05,BRK-B,0,-0.004292,0.700000,1
2023-05-05,GOOGL,1,0.113100,0.350000,0
2023-05-05,JNJ,0,-0.011679,0.600000,1
2023-05-05,JPM,0,-0.019307,0.800000,1
2023-05-05,META,0,0.004425,0.200000,0
2023-05-05,MSFT,0,-0.005408,0.900000,1
2023-05-05,TSLA,0,-0.012231,0.100000,0
2023-05-05,V,0,0.000220,0.500000,0
2023-05-12,AAPL,0,0.015008,0.700000,1
2023-05-12,AMZN,1,0.054326,0.150000,0
2023-05-12,BRK-B,0,0.024497,0.900000,1
2023-05-12,GOOGL,1,0.044677,0.600000,1
2023-05-12,JNJ,0,-0.011631,0.400000,0
2023-05-12,JPM,1,0.037882,0.300000,0
2023-05-12,META,1,0.050597,1.000000,1
2023-05-12,MSFT,0,0.032579,0.800000,1
2023-05-12,TSLA,1,0.072390,0.500000,0
2023-05-12,V,0,0.008341,0.150000,0
2023-05-19,AAPL,0,0.001541,0.850000,1
2023-05-19,AMZN,1,0.033204,0.200000,0
2023-05-19,BRK-B,0,-0.029632,0.500000,0
2023-05-19,GOOGL,1,0.015070,0.100000,0
2023-05-19,JNJ,0,-0.021367,0.850000,1
2023-05-19,JPM,0,-0.016094,0.700000,1
2023-05-19,META,1,0.066765,0.300000,0
2023-05-19,MSFT,1,0.045706,0.400000,0
2023-05-19,TSLA,1,0.072333,1.000000,1
2023-05-19,V,0,-0.035575,0.600000,1
2023-05-26,AAPL,1,0.031466,0.100000,0
2023-05-26,AMZN,1,0.034468,0.700000,1
2023-05-26,BRK-B,0,0.027698,0.800000,1
2023-05-26,GOOGL,0,0.000481,1.000000,1
2023-05-26,JNJ,0,0.016975,0.900000,1
2023-05-26,JPM,0,0.025778,0.500000,0
2023-05-26,META,1,0.040337,0.200000,0
2023-05-26,MSFT,0,0.007540,0.300000,0
2023-05-26,TSLA,1,0.107677,0.400000,0
2023-05-26,V,0,0.016799,0.600000,1
2023-06-02,AAPL,0,0.000055,0.400000,0
2023-06-02,AMZN,0,-0.006600,0.500000,0
2023-06-02,BRK-B,1,0.017634,0.700000,1
2023-06-02,GOOGL,0,-0.019572,0.100000,0
2023-06-02,JNJ,1,0.019367,0.600000,1
2023-06-02,JPM,0,0.003844,0.800000,1
2023-06-02,META,0,-0.028099,0.300000,0
2023-06-02,MSFT,0,-0.025671,0.900000,1
2023-06-02,TSLA,1,0.142216,1.000000,1
2023-06-02,V,0,-0.022859,0.200000,0
2023-06-09,AAPL,0,0.021883,0.200000,0
2023-06-09,AMZN,0,0.016690,0.800000,1
2023-06-09,BRK-B,0,0.009007,0.100000,0
2023-06-09,GOOGL,0,0.010636,0.700000,1
2023-06-09,JNJ,0,0.026373,0.500000,0
2023-06-09,JPM,0,0.015956,0.400000,0
2023-06-09,META,1,0.060577,1.000000,1
2023-06-09,MSFT,1,0.047553,0.900000,1
2023-06-09,TSLA,1,0.066039,0.600000,1
2023-06-09,V,0,0.023931,0.300000,0
2023-06-16,AAPL,1,0.009518,1.000000,1
2023-06-16,AMZN,1,0.030600,0.400000,0
2023-06-16,BRK-B,0,-0.009045,0.900000,1
2023-06-16,GOOGL,0,-0.009633,0.200000,0
2023-06-16,JNJ,1,0.007611,0.550000,1
2023-06-16,JPM,0,-0.030783,0.800000,1
2023-06-16,META,1,0.027509,0.700000,1
2023-06-16,MSFT,0,-0.021354,0.100000,0
2023-06-16,TSLA,0,-0.015122,0.550000,1
2023-06-16,V,1,0.002796,0.300000,0
2023-06-23,AAPL,1,0.039051,0.700000,1
2023-06-23,AMZN,0,0.007964,0.300000,0
2023-06-23,BRK-B,1,0.017151,0.800000,1
2023-06-23,GOOGL,0,-0.021579,0.200000,0
2023-06-23,JNJ,0,0.000242,1.000000,1
2023-06-23,JPM,1,0.047461,0.600000,1
2023-06-23,META,0,-0.006061,0.450000,0
2023-06-23,MSFT,1,0.016477,0.100000,0
2023-06-23,TSLA,1,0.020148,0.900000,1
2023-06-23,V,1,0.034546,0.450000,0
2023-06-30,AAPL,0,-0.016961,0.900000,1
2023-06-30,AMZN,0,-0.004449,0.650000,1
2023-06-30,BRK-B,1,-0.000293,0.200000,0
2023-06-30,GOOGL,0,-0.001838,0.100000,0
2023-06-30,JNJ,0,-0.037881,0.650000,1
2023-06-30,JPM,1,-0.000747,0.400000,0
2023-06-30,META,1,0.012370,1.000000,1
2023-06-30,MSFT,0,-0.009749,0.800000,1
2023-06-30,TSLA,1,0.048363,0.500000,0
2023-06-30,V,0,-0.004337,0.300000,0
2023-07-07,AAPL,0,0.000052,0.600000,1
2023-07-07,AMZN,1,0.037756,0.900000,1
2023-07-07,BRK-B,0,0.000557,0.400000,0
2023-07-07,GOOGL,1,0.049715,0.200000,0
2023-07-07,JNJ,0,0.003893,0.800000,1
2023-07-07,JPM,1,0.037620,0.300000,0
2023-07-07,META,1,0.063126,1.000000,1
2023-07-07,MSFT,0,0.023783,0.100000,0
2023-07-07,TSLA,0,0.025325,0.700000,1
2023-07-07,V,1,0.028378,0.500000,0
2023-07-14,AAPL,1,0.006555,0.800000,1
2023-07-14,AMZN,0,-0.034749,0.200000,0
2023-07-14,BRK-B,1,0.013691,0.700000,1
2023-07-14,GOOGL,0,-0.043055,0.100000,0
2023-07-14,JNJ,1,0.064552,0.300000,0
2023-07-14,JPM,1,0.034586,0.900000,1
2023-07-14,META,0,-0.047301,0.400000,0
2023-07-14,MSFT,1,-0.004258,0.500000,0
2023-07-14,TSLA,0,-0.075912,1.000000,1
2023-07-14,V,0,-0.016080,0.600000,1
2023-07-21,AAPL,0,0.020267,0.800000,1
2023-07-21,AMZN,0,0.017000,0.400000,0
2023-07-21,BRK-B,0,0.011713,0.300000,0
2023-07-21,GOOGL,1,0.104649,0.500000,0
2023-07-21,JNJ,0,0.025207,0.100000,0
2023-07-21,JPM,0,0.012649,0.200000,0
2023-07-21,META,1,0.106096,0.900000,1
2023-07-21,MSFT,0,-0.015708,0.700000,1
2023-07-21,TSLA,0,0.024690,1.000000,1
2023-07-21,V,0,-0.014629,0.600000,1
2023-07-28,AAPL,0,-0.070673,0.400000,0
2023-07-28,AMZN,1,0.055669,0.700000,1
2023-07-28,BRK-B,1,0.000515,0.100000,0
2023-07-28,GOOGL,0,-0.033715,0.550000,1
2023-07-28,JNJ,0,-0.031178,0.200000,0
2023-07-28,JPM,1,-0.005672,0.800000,1
2023-07-28,META,0,-0.045318,1.000000,1
2023-07-28,MSFT,0,-0.031297,0.550000,1
2023-07-28,TSLA,0,-0.047215,0.300000,0
2023-07-28,V,1,0.013743,0.900000,1
2023-08-04,AAPL,0,-0.021759,0.400000,0
2023-08-04,AMZN,0,-0.008311,0.150000,0
2023-08-04,BRK-B,1,0.023886,0.700000,1
2023-08-04,GOOGL,1,0.011318,0.150000,0
2023-08-04,JNJ,1,0.028455,1.000000,1
2023-08-04,JPM,0,-0.010063,0.900000,1
2023-08-04,META,0,-0.029254,0.800000,1
2023-08-04,MSFT,0,-0.020654,0.600000,1
2023-08-04,TSLA,0,-0.044158,0.300000,0
2023-08-04,V,1,0.006282,0.500000,0
2023-08-11,AAPL,1,-0.018561,0.550000,1
2023-08-11,AMZN,0,-0.037497,1.000000,1
2023-08-11,BRK-B,1,-0.016157,0.200000,0
2023-08-11,GOOGL,1,-0.016209,0.900000,1
2023-08-11,JNJ,1,-0.007823,0.550000,1
2023-08-11,JPM,0,-0.035481,0.400000,0
2023-08-11,META,0,-0.060967,0.800000,1
2023-08-11,MSFT,1,-0.012024,0.100000,0
2023-08-11,TSLA,0,-0.111931,0.700000,1
2023-08-11,V,1,-0.007790,0.300000,0
2023-08-18,AAPL,1,0.023612,0.100000,0
2023-08-18,AMZN,0,0.000300,1.000000,1
2023-08-18,BRK-B,0,0.009559,0.200000,0
2023-08-18,GOOGL,1,0.018986,0.350000,0
2023-08-18,JNJ,0,-0.029178,0.700000,1
2023-08-18,JPM,0,-0.012889,0.800000,1
2023-08-18,META,0,0.007944,0.550000,1
2023-08-18,MSFT,1,0.020538,0.550000,1
2023-08-18,TSLA,1,0.107198,0.350000,0
2023-08-18,V,1,0.018474,0.900000,1
2023-08-25,AAPL,1,0.060747,0.400000,0
2023-08-25,AMZN,1,0.036470,0.600000,1
2023-08-25,BRK-B,0,0.018346,0.800000,1
2023-08-25,GOOGL,1,0.044503,0.900000,1
2023-08-25,JNJ,0,-0.034707,1.000000,1
2023-08-25,JPM,0,-0.001564,0.500000,0
2023-08-25,META,1,0.038109,0.700000,1
2023-08-25,MSFT,0,0.017586,0.200000,0
2023-08-25,TSLA,1,0.026908,0.100000,0
2023-08-25,V,0,0.022839,0.300000,0
2023-09-01,AAPL,0,-0.059538,1.000000,1
2023-09-01,AMZN,1,0.000796,0.900000,1
2023-09-01,BRK-B,1,0.001904,0.300000,0
2023-09-01,GOOGL,1,0.005308,0.800000,1
2023-09-01,JNJ,1,0.000499,0.700000,1
2023-09-01,JPM,0,-0.020365,0.600000,1
2023-09-01,META,1,0.005095,0.500000,0
2023-09-01,MSFT,1,0.017069,0.400000,0
2023-09-01,TSLA,1,0.014244,0.100000,0
2023-09-01,V,1,-0.003305,0.200000,0
2023-09-08,AAPL,0,-0.017791,0.600000,1
2023-09-08,AMZN,1,0.015626,0.700000,1
2023-09-08,BRK-B,0,0.012970,0.200000,0
2023-09-08,GOOGL,0,0.007479,1.000000,1
2023-09-08,JNJ,0,0.005543,0.100000,0
2023-09-08,JPM,1,0.034624,0.300000,0
2023-09-08,META,0,0.008124,0.800000,1
2023-09-08,MSFT,0,-0.012116,0.400000,0
2023-09-08,TSLA,1,0.104185,0.500000,0
2023-09-08,V,0,-0.025153,0.900000,1
2023-09-15,AAPL,1,-0.001257,0.600000,1
2023-09-15,AMZN,0,-0.080276,1.000000,1
2023-09-15,BRK-B,1,-0.020932,0.800000,1
2023-09-15,GOOGL,0,-0.052038,0.700000,1
2023-09-15,JNJ,1,-0.005884,0.100000,0
2023-09-15,JPM,1,-0.020698,0.200000,0
2023-09-15,META,1,-0.004096,0.900000,1
2023-09-15,MSFT,0,-0.040004,0.400000,0
2023-09-15,TSLA,0,-0.107548,0.300000,0
2023-09-15,V,1,-0.024848,0.500000,0
2023-09-22,AAPL,0,-0.020482,0.400000,0
2023-09-22,AMZN,0,-0.015489,0.500000,0
2023-09-22,BRK-B,0,-0.027377,0.900000,1
2023-09-22,GOOGL,1,0.004683,0.600000,1
2023-09-22,JNJ,0,-0.029595,0.100000,0
2023-09-22,JPM,1,-0.004872,0.200000,0
2023-09-22,META,1,0.003778,1.000000,1
2023-09-22,MSFT,1,-0.003975,0.800000,1
2023-09-22,TSLA,1,0.021807,0.700000,1
2023-09-22,V,0,-0.021567,0.300000,0
2023-09-29,AAPL,1,0.036680,0.900000,1
2023-09-29,AMZN,0,0.006608,0.400000,0
2023-09-29,BRK-B,0,-0.011305,1.000000,1
2023-09-29,GOOGL,1,0.051353,0.750000,1
2023-09-29,JNJ,0,0.012135,0.200000,0
2023-09-29,JPM,0,0.007935,0.600000,1
2023-09-29,META,1,0.050698,0.500000,0
2023-09-29,MSFT,1,0.036453,0.300000,0
2023-09-29,TSLA,1,0.041204,0.750000,1
2023-09-29,V,0,0.021869,0.100000,0
2023-10-06,AAPL,1,0.007662,0.800000,1
2023-10-06,AMZN,1,0.014301,0.300000,0
2023-10-06,BRK-B,0,-0.003609,0.100000,0
2023-10-06,GOOGL,0,-0.001599,0.600000,1
2023-10-06,JNJ,0,-0.005011,1.000000,1
2023-10-06,JPM,1,0.019986,0.400000,0
2023-10-06,META,0,-0.002346,0.900000,1
2023-10-06,MSFT,1,0.001436,0.500000,0
2023-10-06,TSLA,0,-0.036119,0.200000,0
2023-10-06,V,1,0.011190,0.700000,1
2023-10-13,AAPL,1,-0.033380,0.200000,0
2023-10-13,AMZN,1,-0.035596,0.400000,0
2023-10-13,BRK-B,1,-0.026747,0.100000,0
2023-10-13,GOOGL,1,-0.012813,1.000000,1
2023-10-13,JNJ,1,-0.024546,0.300000,0
2023-10-13,JPM,1,-0.034122,0.800000,1
2023-10-13,META,1,-0.019194,0.900000,1
2023-10-13,MSFT,1,-0.003234,0.500000,0
2023-10-13,TSLA,0,-0.155822,0.600000,1
2023-10-13,V,1,-0.018050,0.700000,1
2023-10-20,AAPL,1,-0.026955,1.000000,1
2023-10-20,AMZN,1,0.020532,0.200000,0
2023-10-20,BRK-B,1,-0.012356,0.100000,0
2023-10-20,GOOGL,0,-0.099041,0.500000,0
2023-10-20,JNJ,0,-0.048366,0.700000,1
2023-10-20,JPM,0,-0.050787,0.600000,1
2023-10-20,META,0,-0.038620,0.800000,1
2023-10-20,MSFT,1,0.009612,0.400000,0
2023-10-20,TSLA,1,-0.022124,0.300000,0
2023-10-20,V,1,-0.017611,0.900000,1
2023-10-27,AAPL,0,0.050113,0.700000,1
2023-10-27,AMZN,1,0.085017,0.900000,1
2023-10-27,BRK-B,1,0.060595,0.200000,0
2023-10-27,GOOGL,0,0.056724,0.500000,0
2023-10-27,JNJ,0,0.039423,0.600000,1
2023-10-27,JPM,0,0.053873,0.800000,1
2023-10-27,META,1,0.060223,0.300000,0
2023-10-27,MSFT,1,0.069707,0.400000,0
2023-10-27,TSLA,1,0.061071,0.100000,0
2023-10-27,V,1,0.062503,1.000000,1
2023-11-03,AAPL,1,0.056584,1.000000,1
2023-11-03,AMZN,1,0.035786,0.500000,0
2023-11-03,BRK-B,0,-0.003553,0.200000,0
2023-11-03,GOOGL,1,0.027033,0.300000,0
2023-11-03,JNJ,0,-0.027025,0.400000,0
2023-11-03,JPM,1,0.023986,0.800000,1
2023-11-03,META,1,0.045041,0.900000,1
2023-11-03,MSFT,1,0.047818,0.600000,1
2023-11-03,TSLA,0,-0.024141,0.100000,0
2023-11-03,V,0,0.008917,0.700000,1
2023-11-10,AAPL,0,0.017650,0.400000,0
2023-11-10,AMZN,0,0.011284,1.000000,1
2023-11-10,BRK-B,0,0.023876,0.500000,0
2023-11-10,GOOGL,0,0.020515,0.300000,0
2023-11-10,JNJ,0,0.017249,0.800000,1
2023-11-10,JPM,1,0.043639,0.100000,0
2023-11-10,META,0,0.019071,0.600000,1
2023-11-10,MSFT,0,0.002517,0.900000,1
2023-11-10,TSLA,1,0.091544,0.200000,0
2023-11-10,V,0,0.017574,0.700000,1
2023-11-17,AAPL,0,0.001476,0.750000,1
2023-11-17,AMZN,0,0.010745,0.500000,0
2023-11-17,BRK-B,0,0.010448,0.200000,0
2023-11-17,GOOGL,0,0.010199,0.900000,1
2023-11-17,JNJ,1,0.026245,1.000000,1
2023-11-17,JPM,0,0.004711,0.400000,0
2023-11-17,META,0,0.009521,0.300000,0
2023-11-17,MSFT,1,0.020495,0.600000,1
2023-11-17,TSLA,0,0.004908,0.100000,0
2023-11-17,V,1,0.018993,0.750000,1
2023-11-24,AAPL,1,0.006685,0.900000,1
2023-11-24,AMZN,1,0.001976,0.650000,1
2023-11-24,BRK-B,0,-0.015468,0.200000,0
2023-11-24,GOOGL,0,-0.035336,0.800000,1
2023-11-24,JNJ,1,0.038557,0.650000,1
2023-11-24,JPM,1,0.021493,1.000000,1
2023-11-24,META,0,-0.039647,0.500000,0
2023-11-24,MSFT,0,-0.007736,0.300000,0
2023-11-24,TSLA,1,0.014356,0.100000,0
2023-11-24,V,1,0.008455,0.400000,0
2023-12-01,AAPL,1,0.023374,0.450000,0
2023-12-01,AMZN,0,0.002653,0.200000,0
2023-12-01,BRK-B,0,-0.011174,0.850000,1
2023-12-01,GOOGL,1,0.023737,0.450000,0
2023-12-01,JNJ,0,-0.025003,0.700000,1
2023-12-01,JPM,1,0.010712,1.000000,1
2023-12-01,META,1,0.024413,0.300000,0
2023-12-01,MSFT,0,-0.000748,0.100000,0
2023-12-01,TSLA,1,0.020977,0.600000,1
2023-12-01,V,0,-0.002769,0.850000,1
2023-12-08,AAPL,0,0.009504,0.150000,0
2023-12-08,AMZN,1,0.017298,0.400000,0
2023-12-08,BRK-B,0,0.009686,0.300000,0
2023-12-08,GOOGL,0,-0.017705,0.550000,1
2023-12-08,JNJ,0,0.004792,0.900000,1
2023-12-08,JPM,1,0.042329,0.700000,1
2023-12-08,META,0,0.006521,0.800000,1
2023-12-08,MSFT,0,-0.009353,0.550000,1
2023-12-08,TSLA,1,0.039616,0.150000,0
2023-12-08,V,0,0.008955,1.000000,1
2023-12-15,AAPL,0,-0.020094,0.500000,0
2023-12-15,AMZN,1,0.023005,0.400000,0
2023-12-15,BRK-B,0,-0.000084,0.600000,1
2023-12-15,GOOGL,1,0.067044,0.300000,0
2023-12-15,JNJ,0,0.001933,0.800000,1
2023-12-15,JPM,0,0.013133,0.900000,1
2023-12-15,META,1,0.055148,0.100000,0
2023-12-15,MSFT,0,0.010385,0.200000,0
2023-12-15,TSLA,0,-0.003787,1.000000,1
2023-12-15,V,0,0.001550,0.700000,1
2023-12-22,AAPL,0,-0.005527,0.800000,1
2023-12-22,AMZN,0,-0.009647,0.200000,0
2023-12-22,BRK-B,1,0.000533,0.300000,0
2023-12-22,GOOGL,0,-0.012722,0.900000,1
2023-12-22,JNJ,1,0.008234,0.700000,1
2023-12-22,JPM,1,0.016129,0.450000,0
2023-12-22,META,1,0.001613,0.600000,1
2023-12-22,MSFT,1,0.003898,0.100000,0
2023-12-22,TSLA,0,-0.016077,1.000000,1
2023-12-22,V,1,0.007430,0.450000,0
2023-12-29,AAPL,0,-0.058952,0.700000,1
2023-12-29,AMZN,0,-0.044096,0.600000,1
2023-12-29,BRK-B,1,0.025038,0.400000,0
2023-12-29,GOOGL,0,-0.028349,0.200000,0
2023-12-29,JNJ,1,0.028008,0.900000,1
2023-12-29,JPM,1,0.019002,0.800000,1
2023-12-29,META,1,-0.005679,0.500000,0
2023-12-29,MSFT,0,-0.022046,0.100000,0
2023-12-29,TSLA,0,-0.044229,1.000000,1
2023-12-29,V,1,-0.002535,0.300000,0
2024-01-05,AAPL,1,0.026162,0.500000,0
2024-01-05,AMZN,1,0.064583,0.800000,1
2024-01-05,BRK-B,0,-0.005389,0.100000,0
2024-01-05,GOOGL,1,0.050984,0.900000,1
2024-01-05,JNJ,0,0.007820,0.300000,0
2024-01-05,JPM,0,-0.018692,0.600000,1
2024-01-05,META,1,0.064043,1.000000,1
2024-01-05,MSFT,1,0.056343,0.200000,0
2024-01-05,TSLA,0,-0.078319,0.400000,0
2024-01-05,V,0,0.017251,0.700000,1
2024-01-12,AAPL,1,0.030336,0.700000,1
2024-01-12,AMZN,0,0.004657,0.100000,0
2024-01-12,BRK-B,0,0.009268,0.400000,0
2024-01-12,GOOGL,1,0.026148,0.300000,0
2024-01-12,JNJ,0,-0.004372,0.600000,1
2024-01-12,JPM,0,0.007454,1.000000,1
2024-01-12,META,1,0.023926,0.800000,1
2024-01-12,MSFT,1,0.026257,0.200000,0
2024-01-12,TSLA,0,-0.030609,0.500000,0
2024-01-12,V,1,0.025476,0.900000,1
2024-01-19,AAPL,1,0.004489,0.200000,0
2024-01-19,AMZN,1,0.024334,0.100000,0
2024-01-19,BRK-B,1,0.050165,0.900000,1
2024-01-19,GOOGL,1,0.039691,0.700000,1
2024-01-19,JNJ,0,-0.013483,1.000000,1
2024-01-19,JPM,1,0.011567,0.800000,1
2024-01-19,META,1,0.027879,0.500000,0
2024-01-19,MSFT,1,0.013194,0.400000,0
2024-01-19,TSLA,0,-0.136387,0.300000,0
2024-01-19,V,0,-0.010927,0.600000,1
2024-01-26,AAPL,0,-0.034144,0.800000,1
2024-01-26,AMZN,1,0.079751,0.700000,1
2024-01-26,BRK-B,0,0.013882,0.300000,0
2024-01-26,GOOGL,0,-0.064459,0.500000,0
2024-01-26,JNJ,0,-0.018119,0.400000,0
2024-01-26,JPM,0,0.014221,0.200000,0
2024-01-26,META,1,0.205130,0.600000,1
2024-01-26,MSFT,0,0.018048,1.000000,1
2024-01-26,TSLA,0,0.025430,0.100000,0
2024-01-26,V,1,0.034485,0.900000,1
2024-02-02,AAPL,1,0.017439,0.500000,0
2024-02-02,AMZN,1,0.015366,0.100000,0
2024-02-02,BRK-B,1,0.019475,0.300000,0
2024-02-02,GOOGL,1,0.046495,0.600000,1
2024-02-02,JNJ,0,0.000958,0.700000,1
2024-02-02,JPM,0,0.001602,0.200000,0
2024-02-02,META,0,-0.014484,0.800000,1
2024-02-02,MSFT,1,0.022688,0.900000,1
2024-02-02,TSLA,1,0.030121,0.400000,0
2024-02-02,V,0,-0.000846,1.000000,1
2024-02-09,AAPL,0,-0.034631,0.500000,0
2024-02-09,AMZN,0,-0.028318,0.750000,1
2024-02-09,BRK-B,1,0.019154,0.750000,1
2024-02-09,GOOGL,0,-0.056913,0.900000,1
2024-02-09,JNJ,1,0.006243,0.400000,0
2024-02-09,JPM,1,0.022970,0.200000,0
2024-02-09,META,1,0.011130,1.000000,1
2024-02-09,MSFT,0,-0.037434,0.600000,1
2024-02-09,TSLA,1,0.032960,0.100000,0
2024-02-09,V,1,0.007705,0.300000,0
2024-02-16,AAPL,0,0.001152,0.200000,0
2024-02-16,AMZN,1,0.032329,0.500000,0
2024-02-16,BRK-B,1,0.027661,0.800000,1
2024-02-16,GOOGL,1,0.024480,0.100000,0
2024-02-16,JNJ,1,0.033791,0.400000,0
2024-02-16,JPM,1,0.027705,0.700000,1
2024-02-16,META,1,0.023712,1.000000,1
2024-02-16,MSFT,0,0.015542,0.900000,1
2024-02-16,TSLA,0,-0.039910,0.300000,0
2024-02-16,V,1,0.018093,0.600000,1
2024-02-23,AAPL,0,-0.015669,0.800000,1
2024-02-23,AMZN,1,0.018458,0.600000,1
2024-02-23,BRK-B,0,-0.024232,0.900000,1
2024-02-23,GOOGL,0,-0.047374,0.700000,1
2024-02-23,JNJ,0,0.001730,0.200000,0
2024-02-23,JPM,1,0.007066,0.500000,0
2024-02-23,META,1,0.037745,0.400000,0
2024-02-23,MSFT,1,0.012575,1.000000,1
2024-02-23,TSLA,1,0.055582,0.300000,0
2024-02-23,V,0,-0.001551,0.100000,0
2024-03-01,AAPL,0,-0.049705,0.300000,0
2024-03-01,AMZN,1,-0.016104,0.100000,0
2024-03-01,BRK-B,1,-0.009727,0.600000,1
2024-03-01,GOOGL,1,-0.012615,0.500000,0
2024-03-01,JNJ,1,-0.016038,0.700000,1
2024-03-01,JPM,1,0.015813,0.900000,1
2024-03-01,META,1,0.007267,0.800000,1
2024-03-01,MSFT,1,-0.022335,0.400000,0
2024-03-01,TSLA,0,-0.134722,1.000000,1
2024-03-01,V,1,-0.011019,0.200000,0
2024-03-08,AAPL,1,0.011070,0.600000,1
2024-03-08,AMZN,0,-0.005304,0.300000,0
2024-03-08,BRK-B,1,0.012353,0.400000,0
2024-03-08,GOOGL,1,0.042611,1.000000,1
2024-03-08,JNJ,0,-0.008400,0.800000,1
2024-03-08,JPM,1,0.011051,0.700000,1
2024-03-08,META,0,-0.043186,0.900000,1
2024-03-08,MSFT,1,0.025110,0.500000,0
2024-03-08,TSLA,0,-0.067127,0.100000,0
2024-03-08,V,1,0.010713,0.200000,0
2024-03-15,AAPL,0,-0.001970,0.500000,0
2024-03-15,AMZN,1,0.025513,0.350000,0
2024-03-15,BRK-B,0,0.008502,0.200000,0
2024-03-15,GOOGL,1,0.067927,0.100000,0
2024-03-15,JNJ,0,-0.018650,0.700000,1
2024-03-15,JPM,1,0.033211,0.350000,0
2024-03-15,META,1,0.052634,1.000000,1
2024-03-15,MSFT,1,0.029585,0.600000,1
2024-03-15,TSLA,1,0.044385,0.900000,1
2024-03-15,V,0,0.000777,0.800000,1
2024-03-22,AAPL,0,-0.004644,0.500000,0
2024-03-22,AMZN,1,0.008442,0.300000,0
2024-03-22,BRK-B,1,0.021671,0.400000,0
2024-03-22,GOOGL,0,0.001061,0.650000,1
2024-03-22,JNJ,1,0.019068,1.000000,1
2024-03-22,JPM,1,0.018716,0.900000,1
2024-03-22,META,0,-0.047098,0.800000,1
2024-03-22,MSFT,0,-0.018706,0.650000,1
2024-03-22,TSLA,1,0.029035,0.100000,0
2024-03-22,V,0,-0.014757,0.200000,0
2024-03-29,AAPL,0,-0.011080,0.900000,1
2024-03-29,AMZN,1,0.026001,0.300000,0
2024-03-29,BRK-B,0,-0.004518,0.200000,0
2024-03-29,GOOGL,1,0.010402,0.600000,1
2024-03-29,JNJ,0,-0.036665,0.800000,1
2024-03-29,JPM,0,-0.008478,0.500000,0
2024-03-29,META,1,0.086000,0.100000,0
2024-03-29,MSFT,1,0.011409,1.000000,1
2024-03-29,TSLA,0,-0.061949,0.700000,1
2024-03-29,V,0,-0.006951,0.400000,0
2024-04-05,AAPL,1,0.041102,0.800000,1
2024-04-05,AMZN,1,0.005728,0.600000,1
2024-04-05,BRK-B,0,-0.036692,0.200000,0
2024-04-05,GOOGL,1,0.034295,0.700000,1
2024-04-05,JNJ,0,-0.031957,0.400000,0
2024-04-05,JPM,0,-0.074247,0.500000,0
2024-04-05,META,0,-0.029279,0.900000,1
2024-04-05,MSFT,0,-0.008507,0.300000,0
2024-04-05,TSLA,1,0.037295,1.000000,1
2024-04-05,V,1,-0.004258,0.100000,0
2024-04-12,AAPL,0,-0.065421,0.600000,1
2024-04-12,AMZN,0,-0.061785,0.300000,0
2024-04-12,BRK-B,1,0.004513,0.900000,1
2024-04-12,GOOGL,1,-0.023077,0.500000,0
2024-04-12,JNJ,1,0.002644,0.700000,1
2024-04-12,JPM,1,0.016467,0.800000,1
2024-04-12,META,0,-0.060227,0.100000,0
2024-04-12,MSFT,0,-0.053994,0.400000,0
2024-04-12,TSLA,0,-0.140310,1.000000,1
2024-04-12,V,1,-0.022395,0.200000,0
2024-04-19,AAPL,0,0.026061,0.600000,1
2024-04-19,AMZN,0,0.028575,0.900000,1
2024-04-19,BRK-B,0,-0.007357,0.400000,0
2024-04-19,GOOGL,1,0.115906,0.800000,1
2024-04-19,JNJ,0,-0.011967,0.200000,0
2024-04-19,JPM,1,0.041389,0.500000,0
2024-04-19,META,0,-0.078533,1.000000,1
2024-04-19,MSFT,0,0.018040,0.300000,0
2024-04-19,TSLA,1,0.144441,0.700000,1
2024-04-19,V,0,0.017570,0.100000,0
2024-04-26,AAPL,1,0.083166,0.900000,1
2024-04-26,AMZN,1,0.036689,0.200000,0
2024-04-26,BRK-B,0,-0.003059,0.500000,0
2024-04-26,GOOGL,0,-0.027392,0.700000,1
2024-04-26,JNJ,1,0.021418,0.800000,1
2024-04-26,JPM,0,-0.015401,0.600000,1
2024-04-26,META,1,0.019558,0.100000,0
2024-04-26,MSFT,0,0.000837,0.400000,0
2024-04-26,TSLA,1,0.076653,1.000000,1
2024-04-26,V,0,-0.021966,0.300000,0
2024-05-03,AAPL,0,-0.000446,0.850000,1
2024-05-03,AMZN,0,0.006820,0.700000,1
2024-05-03,BRK-B,1,0.027889,0.600000,1
2024-05-03,GOOGL,0,0.008431,0.300000,0
2024-05-03,JNJ,0,0.004288,0.850000,1
2024-05-03,JPM,1,0.043357,1.000000,1
2024-05-03,META,1,0.053633,0.400000,0
2024-05-03,MSFT,1,0.019869,0.500000,0
2024-05-03,TSLA,0,-0.070203,0.100000,0
2024-05-03,V,1,0.045625,0.200000,0
2024-05-10,AAPL,1,0.037258,0.900000,1
2024-05-10,AMZN,0,-0.014828,0.500000,0
2024-05-10,BRK-B,0,0.011868,0.300000,0
2024-05-10,GOOGL,1,0.043937,0.750000,1
2024-05-10,JNJ,1,0.031552,0.200000,0
2024-05-10,JPM,1,0.030286,0.600000,1
2024-05-10,META,0,-0.009009,0.100000,0
2024-05-10,MSFT,0,0.015016,0.400000,0
2024-05-10,TSLA,1,0.053363,1.000000,1
2024-05-10,V,0,-0.000433,0.750000,1
2024-05-17,AAPL,1,0.000579,1.000000,1
2024-05-17,AMZN,0,-0.021386,0.600000,1
2024-05-17,BRK-B,0,-0.022857,0.400000,0
2024-05-17,GOOGL,1,-0.006077,0.100000,0
2024-05-17,JNJ,0,-0.041917,0.800000,1
2024-05-17,JPM,0,-0.019923,0.700000,1
2024-05-17,META,1,0.013371,0.500000,0
2024-05-17,MSFT,1,0.023679,0.300000,0
2024-05-17,TSLA,1,0.010030,0.900000,1
2024-05-17,V,0,-0.020029,0.200000,0
2024-05-24,AAPL,1,0.011949,0.800000,1
2024-05-24,AMZN,0,-0.023845,0.100000,0
2024-05-24,BRK-B,1,0.017157,0.200000,0
2024-05-24,GOOGL,0,-0.014229,0.500000,0
2024-05-24,JNJ,1,-0.002041,0.300000,0
2024-05-24,JPM,1,0.009566,1.000000,1
2024-05-24,META,0,-0.023818,0.700000,1
2024-05-24,MSFT,0,-0.034940,0.900000,1
2024-05-24,TSLA,1,-0.006472,0.400000,0
2024-05-24,V,1,-0.007395,0.600000,1
2024-05-31,AAPL,1,0.024135,1.000000,1
2024-05-31,AMZN,1,0.044548,0.100000,0
2024-05-31,BRK-B,0,-0.001641,0.300000,0
2024-05-31,GOOGL,0,0.011362,0.550000,1
2024-05-31,JNJ,0,0.002796,0.800000,1
2024-05-31,JPM,0,-0.013226,0.550000,1
2024-05-31,META,1,0.055973,0.700000,1
2024-05-31,MSFT,1,0.021006,0.400000,0
2024-05-31,TSLA,0,-0.003369,0.900000,1
2024-05-31,V,1,0.022792,0.200000,0
2024-06-07,AAPL,1,0.079232,0.500000,0
2024-06-07,AMZN,0,-0.003473,0.100000,0
2024-06-07,BRK-B,0,-0.019772,0.750000,1
2024-06-07,GOOGL,1,0.014518,0.400000,0
2024-06-07,JNJ,0,-0.010471,0.600000,1
2024-06-07,JPM,0,-0.030858,0.200000,0
2024-06-07,META,1,0.023735,1.000000,1
2024-06-07,MSFT,1,0.044166,0.900000,1
2024-06-07,TSLA,0,0.002986,0.750000,1
2024-06-07,V,0,-0.028744,0.300000,0
2024-06-14,AAPL,0,-0.023530,0.500000,0
2024-06-14,AMZN,1,0.029511,0.200000,0
2024-06-14,BRK-B,0,0.010061,0.900000,1
2024-06-14,GOOGL,1,0.016064,0.700000,1
2024-06-14,JNJ,1,0.022056,1.000000,1
2024-06-14,JPM,1,0.013004,0.100000,0
2024-06-14,META,0,-0.018605,0.300000,0
2024-06-14,MSFT,1,0.016291,0.600000,1
2024-06-14,TSLA,1,0.028088,0.400000,0
2024-06-14,V,1,0.016848,0.800000,1
2024-06-21,AAPL,1,0.015085,0.650000,1
2024-06-21,AMZN,1,0.022054,0.800000,1
2024-06-21,BRK-B,0,-0.006884,0.400000,0
2024-06-21,GOOGL,1,0.014029,0.300000,0
2024-06-21,JNJ,0,-0.017412,0.650000,1
2024-06-21,JPM,1,0.030362,0.200000,0
2024-06-21,META,1,0.019079,0.900000,1
2024-06-21,MSFT,0,-0.006292,1.000000,1
2024-06-21,TSLA,1,0.081252,0.500000,0
2024-06-21,V,0,-0.046327,0.100000,0
2024-06-28,AAPL,1,0.074637,0.900000,1
2024-06-28,AMZN,0,0.034929,0.300000,0
2024-06-28,BRK-B,0,0.010742,0.200000,0
2024-06-28,GOOGL,0,0.046390,1.000000,1
2024-06-28,JNJ,0,0.002190,0.450000,0
2024-06-28,JPM,0,0.018119,0.600000,1
2024-06-28,META,1,0.070782,0.700000,1
2024-06-28,MSFT,0,0.046112,0.800000,1
2024-06-28,TSLA,1,0.271073,0.450000,0
2024-06-28,V,0,0.030061,0.100000,0
2024-07-05,AAPL,1,0.018556,0.100000,0
2024-07-05,AMZN,0,-0.027550,0.700000,1
2024-07-05,BRK-B,1,0.032274,0.600000,1
2024-07-05,GOOGL,0,-0.029014,0.400000,0
2024-07-05,JNJ,1,0.023211,0.900000,1
2024-07-05,JPM,1,0.000732,0.800000,1
2024-07-05,META,0,-0.076012,0.500000,0
2024-07-05,MSFT,0,-0.029964,0.300000,0
2024-07-05,TSLA,0,-0.013081,0.200000,0
2024-07-05,V,0,-0.017088,1.000000,1
2024-07-12,AAPL,0,-0.027023,1.000000,1
2024-07-12,AMZN,0,-0.058409,0.700000,1
2024-07-12,BRK-B,1,0.023631,0.500000,0
2024-07-12,GOOGL,0,-0.040039,0.300000,0
2024-07-12,JNJ,1,0.032092,0.200000,0
2024-07-12,JPM,1,0.023617,0.600000,1
2024-07-12,META,0,-0.044260,0.900000,1
2024-07-12,MSFT,0,-0.036247,0.400000,0
2024-07-12,TSLA,0,-0.036378,0.800000,1
2024-07-12,V,1,-0.001054,0.100000,0
2024-07-19,AAPL,0,-0.028309,0.450000,0
2024-07-19,AMZN,1,-0.003440,0.600000,1
2024-07-19,BRK-B,1,0.007342,0.200000,0
2024-07-19,GOOGL,0,-0.060002,0.450000,0
2024-07-19,JNJ,1,0.038464,0.100000,0
2024-07-19,JPM,1,0.011727,0.300000,0
2024-07-19,META,0,-0.023260,0.900000,1
2024-07-19,MSFT,0,-0.027087,0.700000,1
2024-07-19,TSLA,0,-0.081104,0.800000,1
2024-07-19,V,0,-0.022602,1.000000,1
2024-07-26,AAPL,1,0.008717,0.900000,1
2024-07-26,AMZN,0,-0.080000,0.600000,1
2024-07-26,BRK-B,0,-0.021249,1.000000,1
2024-07-26,GOOGL,1,-0.002036,0.500000,0
2024-07-26,JNJ,1,0.021788,0.800000,1
2024-07-26,JPM,0,-0.061723,0.400000,0
2024-07-26,META,1,0.048185,0.100000,0
2024-07-26,MSFT,0,-0.039457,0.200000,0
2024-07-26,TSLA,0,-0.055187,0.300000,0
2024-07-26,V,1,0.027442,0.700000,1
2024-08-02,AAPL,0,-0.016465,0.500000,0
2024-08-02,AMZN,0,-0.005718,0.100000,0
2024-08-02,BRK-B,1,0.007727,0.800000,1
2024-08-02,GOOGL,0,-0.017941,0.400000,0
2024-08-02,JNJ,0,-0.021445,0.600000,1
2024-08-02,JPM,1,0.033444,1.000000,1
2024-08-02,META,1,0.060700,0.700000,1
2024-08-02,MSFT,0,-0.006047,0.200000,0
2024-08-02,TSLA,0,-0.036934,0.900000,1
2024-08-02,V,0,-0.023629,0.300000,0
2024-08-09,AAPL,1,0.046576,0.600000,1
2024-08-09,AMZN,1,0.060621,0.400000,0
2024-08-09,BRK-B,0,0.029745,0.800000,1
2024-08-09,GOOGL,0,-0.004338,0.200000,0
2024-08-09,JNJ,0,-0.007658,0.900000,1
2024-08-09,JPM,1,0.039699,1.000000,1
2024-08-09,META,0,0.018637,0.700000,1
2024-08-09,MSFT,0,0.032521,0.300000,0
2024-08-09,TSLA,1,0.080600,0.100000,0
2024-08-09,V,0,0.029335,0.500000,0
2024-08-16,AAPL,0,0.003495,0.500000,0
2024-08-16,AMZN,0,-0.000113,0.300000,0
2024-08-16,BRK-B,1,0.019955,0.700000,1
2024-08-16,GOOGL,1,0.016323,0.400000,0
2024-08-16,JNJ,1,0.029738,0.800000,1
2024-08-16,JPM,1,0.020283,0.600000,1
2024-08-16,META,0,0.001100,1.000000,1
2024-08-16,MSFT,0,-0.004015,0.100000,0
2024-08-16,TSLA,1,0.019434,0.200000,0
2024-08-16,V,0,0.000224,0.900000,1
2024-08-23,AAPL,0,0.009522,0.300000,0
2024-08-23,AMZN,0,0.008247,0.800000,1
2024-08-23,BRK-B,1,0.049715,0.650000,1
2024-08-23,GOOGL,0,-0.013525,0.650000,1
2024-08-23,JNJ,1,0.018211,0.100000,0
2024-08-23,JPM,1,0.029728,1.000000,1
2024-08-23,META,0,-0.012670,0.900000,1
2024-08-23,MSFT,0,0.000840,0.200000,0
2024-08-23,TSLA,0,-0.028186,0.500000,0
2024-08-23,V,1,0.033391,0.400000,0
2024-08-30,AAPL,0,-0.035720,0.800000,1
2024-08-30,AMZN,0,-0.039832,0.900000,1
2024-08-30,BRK-B,0,-0.034670,0.500000,0
2024-08-30,GOOGL,0,-0.076264,0.300000,0
2024-08-30,JNJ,1,-0.008923,0.100000,0
2024-08-30,JPM,0,-0.054893,0.700000,1
2024-08-30,META,0,-0.040360,0.200000,0
2024-08-30,MSFT,0,-0.037014,0.400000,0
2024-08-30,TSLA,1,-0.015786,1.000000,1
2024-08-30,V,1,0.010855,0.600000,1
2024-09-06,AAPL,0,0.007608,0.600000,1
2024-09-06,AMZN,1,0.088103,0.200000,0
2024-09-06,BRK-B,0,-0.025706,0.750000,1
2024-09-06,GOOGL,1,0.044719,0.900000,1
2024-09-06,JNJ,0,0.006935,0.750000,1
2024-09-06,JPM,0,-0.038313,1.000000,1
2024-09-06,META,1,0.048674,0.500000,0
2024-09-06,MSFT,1,0.071919,0.300000,0
2024-09-06,TSLA,1,0.092820,0.100000,0
2024-09-06,V,0,0.028564,0.400000,0
2024-09-13,AAPL,1,0.025618,0.750000,1
2024-09-13,AMZN,1,0.027401,0.500000,0
2024-09-13,BRK-B,0,0.017203,1.000000,1
2024-09-13,GOOGL,1,0.038931,0.100000,0
2024-09-13,JNJ,0,-0.008216,0.300000,0
2024-09-13,JPM,1,0.033134,0.900000,1
2024-09-13,META,1,0.071033,0.200000,0
2024-09-13,MSFT,0,0.010869,0.400000,0
2024-09-13,TSLA,1,0.034565,0.600000,1
2024-09-13,V,0,-0.008979,0.750000,1
2024-09-20,AAPL,0,-0.001797,0.800000,1
2024-09-20,AMZN,0,-0.018946,0.300000,0
2024-09-20,BRK-B,1,0.004744,0.400000,0
2024-09-20,GOOGL,1,0.002201,0.100000,0
2024-09-20,JNJ,0,-0.016813,0.700000,1
2024-09-20,JPM,0,-0.002795,0.500000,0
2024-09-20,META,1,0.010707,0.600000,1
2024-09-20,MSFT,0,-0.016656,0.200000,0
2024-09-20,TSLA,1,0.093221,1.000000,1
2024-09-20,V,0,-0.033711,0.900000,1
2024-09-27,AAPL,0,-0.004346,0.400000,0
2024-09-27,AMZN,0,-0.007767,1.000000,1
2024-09-27,BRK-B,1,0.009837,0.100000,0
2024-09-27,GOOGL,1,0.018969,0.700000,1
2024-09-27,JNJ,0,-0.006877,0.200000,0
2024-09-27,JPM,1,0.009570,0.300000,0
2024-09-27,META,1,0.050374,0.600000,1
2024-09-27,MSFT,0,-0.027943,0.800000,1
2024-09-27,TSLA,0,-0.039853,0.900000,1
2024-09-27,V,1,0.010030,0.500000,0
2024-10-04,AAPL,1,0.003307,0.900000,1
2024-10-04,AMZN,1,0.012385,0.300000,0
2024-10-04,BRK-B,1,-0.003810,0.200000,0
2024-10-04,GOOGL,0,-0.022866,0.800000,1
2024-10-04,JNJ,1,0.007299,0.100000,0
2024-10-04,JPM,1,0.052410,1.000000,1
2024-10-04,META,0,-0.010051,0.450000,0
2024-10-04,MSFT,1,0.000625,0.600000,1
2024-10-04,TSLA,0,-0.129079,0.700000,1
2024-10-04,V,1,-0.000324,0.450000,0
2024-10-11,AAPL,1,0.032740,1.000000,1
2024-10-11,AMZN,0,0.000900,0.600000,1
2024-10-11,BRK-B,0,0.009974,0.300000,0
2024-10-11,GOOGL,0,0.001103,0.500000,0
2024-10-11,JNJ,1,0.022668,0.100000,0
2024-10-11,JPM,1,0.013856,0.700000,1
2024-10-11,META,0,-0.022850,0.200000,0
2024-10-11,MSFT,0,0.004420,0.800000,1
2024-10-11,TSLA,1,0.013315,0.900000,1
2024-10-11,V,1,0.045998,0.400000,0
2024-10-18,AAPL,0,-0.015277,0.900000,1
2024-10-18,AMZN,0,-0.006138,0.650000,1
2024-10-18,BRK-B,0,-0.023214,0.400000,0
2024-10-18,GOOGL,0,0.011320,1.000000,1
2024-10-18,JNJ,0,-0.025678,0.150000,0
2024-10-18,JPM,0,-0.013578,0.800000,1
2024-10-18,META,0,-0.005586,0.300000,0
2024-10-18,MSFT,1,0.023890,0.650000,1
2024-10-18,TSLA,1,0.219710,0.150000,0
2024-10-18,V,0,-0.030590,0.500000,0
2024-10-25,AAPL,0,-0.036731,0.700000,1
2024-10-25,AMZN,1,0.053772,0.500000,0
2024-10-25,BRK-B,1,-0.004119,0.800000,1
2024-10-25,GOOGL,1,0.036425,0.600000,1
2024-10-25,JNJ,1,-0.004662,0.300000,0
2024-10-25,JPM,1,0.002834,0.900000,1
2024-10-25,META,0,-0.010624,0.400000,0
2024-10-25,MSFT,0,-0.041528,1.000000,1
2024-10-25,TSLA,0,-0.075077,0.200000,0
2024-10-25,V,1,0.031981,0.100000,0
2024-11-01,AAPL,0,0.019289,1.000000,1
2024-11-01,AMZN,0,0.051786,0.100000,0
2024-11-01,BRK-B,0,0.024926,0.400000,0
2024-11-01,GOOGL,0,0.041217,0.600000,1
2024-11-01,JNJ,0,-0.029101,0.800000,1
2024-11-01,JPM,1,0.062977,0.700000,1
2024-11-01,META,0,0.039107,0.200000,0
2024-11-01,MSFT,0,0.029656,0.500000,0
2024-11-01,TSLA,1,0.290144,0.900000,1
2024-11-01,V,1,0.058919,0.300000,0
2024-11-08,AAPL,1,-0.008636,0.900000,1
2024-11-08,AMZN,0,-0.026756,0.100000,0
2024-11-08,BRK-B,1,0.014825,0.450000,0
2024-11-08,GOOGL,0,-0.032857,0.700000,1
2024-11-08,JNJ,1,-0.009455,0.600000,1
2024-11-08,JPM,1,0.035151,0.300000,0
2024-11-08,META,0,-0.059830,0.450000,0
2024-11-08,MSFT,0,-0.017844,1.000000,1
2024-11-08,TSLA,1,-0.001557,0.800000,1
2024-11-08,V,1,0.007661,0.200000,0
2024-11-15,AAPL,1,0.021644,0.800000,1
2024-11-15,AMZN,0,-0.027096,0.500000,0
2024-11-15,BRK-B,1,0.013375,0.900000,1
2024-11-15,GOOGL,0,-0.044814,0.700000,1
2024-11-15,JNJ,0,0.007597,1.000000,1
2024-11-15,JPM,1,0.013208,0.600000,1
2024-11-15,META,0,0.009132,0.300000,0
2024-11-15,MSFT,0,0.006830,0.400000,0
2024-11-15,TSLA,1,0.099277,0.100000,0
2024-11-15,V,0,0.000904,0.200000,0
2024-11-22,AAPL,1,0.032453,1.000000,1
2024-11-22,AMZN,1,0.054637,0.200000,0
2024-11-22,BRK-B,0,0.013534,0.900000,1
2024-11-22,GOOGL,1,0.025431,0.500000,0
2024-11-22,JNJ,0,0.006984,0.100000,0
2024-11-22,JPM,0,0.004707,0.600000,1
2024-11-22,META,1,0.027149,0.400000,0
2024-11-22,MSFT,0,0.015492,0.700000,1
2024-11-22,TSLA,0,-0.020989,0.800000,1
2024-11-22,V,0,0.016649,0.300000,0
2024-11-29,AAPL,0,0.023217,0.750000,1
2024-11-29,AMZN,1,0.092068,0.250000,0
2024-11-29,BRK-B,0,-0.025920,1.000000,1
2024-11-29,GOOGL,1,0.034093,0.500000,0
2024-11-29,JNJ,0,-0.036772,0.900000,1
2024-11-29,JPM,0,-0.009451,0.750000,1
2024-11-29,META,1,0.086102,0.250000,0
2024-11-29,MSFT,1,0.047490,0.600000,1
2024-11-29,TSLA,1,0.127651,0.400000,0
2024-11-29,V,0,-0.012917,0.100000,0
2024-12-06,AAPL,1,0.021784,0.700000,1
2024-12-06,AMZN,0,0.001894,0.100000,0
2024-12-06,BRK-B,0,-0.026780,0.850000,1
2024-12-06,GOOGL,1,0.087731,1.000000,1
2024-12-06,JNJ,0,-0.018016,0.850000,1
2024-12-06,JPM,0,-0.029997,0.500000,0
2024-12-06,META,0,-0.005483,0.400000,0
2024-12-06,MSFT,0,0.008341,0.300000,0
2024-12-06,TSLA,1,0.120780,0.600000,1
2024-12-06,V,0,0.011993,0.200000,0
2024-12-13,AAPL,1,0.025632,0.200000,0
2024-12-13,AMZN,1,-0.011167,0.300000,0
2024-12-13,BRK-B,1,-0.010264,1.000000,1
2024-12-13,GOOGL,1,0.008376,0.700000,1
2024-12-13,JNJ,0,-0.014664,0.800000,1
2024-12-13,JPM,1,-0.009752,0.600000,1
2024-12-13,META,0,-0.055820,0.400000,0
2024-12-13,MSFT,0,-0.023856,0.900000,1
2024-12-13,TSLA,0,-0.034775,0.100000,0
2024-12-13,V,1,0.009436,0.500000,0
2024-12-20,AAPL,0,0.004322,0.900000,1
2024-12-20,AMZN,0,-0.005202,0.200000,0
2024-12-20,BRK-B,1,0.007304,0.800000,1
2024-12-20,GOOGL,0,0.007053,0.300000,0
2024-12-20,JNJ,0,0.004015,1.000000,1
2024-12-20,JPM,1,0.015025,0.500000,0
2024-12-20,META,1,0.024878,0.650000,1
2024-12-20,MSFT,0,-0.013903,0.400000,0
2024-12-20,TSLA,1,0.025175,0.650000,1
2024-12-20,V,0,0.002990,0.100000,0
2024-12-27,AAPL,0,-0.047850,0.700000,1
2024-12-27,AMZN,1,0.001966,0.200000,0
2024-12-27,BRK-B,1,-0.006462,0.600000,1
2024-12-27,GOOGL,1,-0.005032,0.800000,1
2024-12-27,JNJ,1,-0.005929,1.000000,1
2024-12-27,JPM,1,0.008749,0.100000,0
2024-12-27,META,1,0.008036,0.300000,0
2024-12-27,MSFT,0,-0.016677,0.500000,0
2024-12-27,TSLA,0,-0.049159,0.900000,1
2024-12-27,V,1,-0.011768,0.400000,0
2025-01-03,AAPL,0,-0.026750,0.900000,1
2025-01-03,AMZN,0,-0.023418,0.300000,0
2025-01-03,BRK-B,0,-0.024032,0.700000,1
2025-01-03,GOOGL,1,0.001303,0.100000,0
2025-01-03,JNJ,1,-0.014772,0.800000,1
2025-01-03,JPM,1,-0.008925,0.500000,0
2025-01-03,META,1,0.018573,1.000000,1
2025-01-03,MSFT,1,-0.010393,0.600000,1
2025-01-03,TSLA,0,-0.038252,0.400000,0
2025-01-03,V,0,-0.022864,0.200000,0
2025-01-10,AAPL,0,-0.029006,0.650000,1
2025-01-10,AMZN,0,0.031972,0.100000,0
2025-01-10,BRK-B,1,0.057132,0.650000,1
2025-01-10,GOOGL,0,0.020621,0.400000,0
2025-01-10,JNJ,1,0.034985,0.800000,1
2025-01-10,JPM,1,0.080419,0.900000,1
2025-01-10,META,0,-0.005017,1.000000,1
2025-01-10,MSFT,0,0.024060,0.300000,0
2025-01-10,TSLA,1,0.080458,0.500000,0
2025-01-10,V,1,0.038705,0.200000,0
2025-01-17,AAPL,0,-0.031307,0.700000,1
2025-01-17,AMZN,1,0.039435,0.300000,0
2025-01-17,BRK-B,0,-0.010172,0.500000,0
2025-01-17,GOOGL,1,0.021480,0.100000,0
2025-01-17,JNJ,0,-0.001428,0.800000,1
2025-01-17,JPM,1,0.021917,0.400000,0
2025-01-17,META,1,0.056661,1.000000,1
2025-01-17,MSFT,1,0.035033,0.900000,1
2025-01-17,TSLA,0,-0.046706,0.200000,0
2025-01-17,V,1,0.033102,0.600000,1
2025-01-24,AAPL,1,0.059341,1.000000,1
2025-01-24,AMZN,0,0.012050,0.200000,0
2025-01-24,BRK-B,0,0.011831,0.600000,1
2025-01-24,GOOGL,1,0.019030,0.400000,0
2025-01-24,JNJ,1,0.036303,0.900000,1
2025-01-24,JPM,0,0.009289,0.100000,0
2025-01-24,META,1,0.064387,0.800000,1
2025-01-24,MSFT,0,-0.065307,0.700000,1
2025-01-24,TSLA,0,-0.004870,0.500000,0
2025-01-24,V,1,0.035130,0.300000,0
2025-01-31,AAPL,0,-0.035466,0.800000,1
2025-01-31,AMZN,0,-0.035889,0.300000,0
2025-01-31,BRK-B,1,0.008684,1.000000,1
2025-01-31,GOOGL,0,-0.091560,0.100000,0
2025-01-31,JNJ,1,0.006375,0.700000,1
2025-01-31,JPM,1,0.031800,0.600000,1
2025-01-31,META,1,0.036768,0.200000,0
2025-01-31,MSFT,1,-0.012793,0.500000,0
2025-01-31,TSLA,0,-0.106228,0.900000,1
2025-01-31,V,1,0.018198,0.400000,0
2025-02-07,AAPL,1,0.075732,0.800000,1
2025-02-07,AMZN,0,-0.002051,1.000000,1
2025-02-07,BRK-B,1,0.014490,0.400000,0
2025-02-07,GOOGL,0,-0.000594,0.700000,1
2025-02-07,JNJ,1,0.019788,0.300000,0
2025-02-07,JPM,0,0.002864,0.100000,0
2025-02-07,META,1,0.031000,0.600000,1
2025-02-07,MSFT,0,-0.003222,0.900000,1
2025-02-07,TSLA,0,-0.015984,0.500000,0
2025-02-07,V,1,0.018348,0.200000,0
2025-02-14,AAPL,1,0.003884,0.900000,1
2025-02-14,AMZN,0,-0.052912,0.300000,0
2025-02-14,BRK-B,1,-0.001772,0.600000,1
2025-02-14,GOOGL,0,-0.030071,0.800000,1
2025-02-14,JNJ,1,0.047705,0.700000,1
2025-02-14,JPM,0,-0.044651,0.400000,0
2025-02-14,META,0,-0.072108,0.100000,0
2025-02-14,MSFT,1,0.001465,0.500000,0
2025-02-14,TSLA,0,-0.050697,1.000000,1
2025-02-14,V,1,-0.014923,0.200000,0
2025-02-21,AAPL,0,-0.015109,0.200000,0
2025-02-21,AMZN,0,-0.019854,0.800000,1
2025-02-21,BRK-B,1,0.073297,0.500000,0
2025-02-21,GOOGL,0,-0.052210,0.400000,0
2025-02-21,JNJ,1,0.016759,0.600000,1
2025-02-21,JPM,1,0.001552,1.000000,1
2025-02-21,META,0,-0.022456,0.100000,0
2025-02-21,MSFT,0,-0.027486,0.900000,1
2025-02-21,TSLA,0,-0.132682,0.700000,1
2025-02-21,V,1,0.040685,0.300000,0
2025-02-28,AAPL,1,-0.011454,0.700000,1
2025-02-28,AMZN,0,-0.061381,0.500000,0
2025-02-28,BRK-B,1,-0.035440,0.400000,0
2025-02-28,GOOGL,1,0.021024,0.850000,1
2025-02-28,JNJ,1,0.010120,0.200000,0
2025-02-28,JPM,0,-0.084527,0.600000,1
2025-02-28,META,0,-0.063664,0.300000,0
2025-02-28,MSFT,1,-0.009270,0.850000,1
2025-02-28,TSLA,0,-0.103454,1.000000,1
2025-02-28,V,0,-0.047945,0.100000,0
2025-03-07,AAPL,0,-0.106998,0.400000,0
2025-03-07,AMZN,1,-0.006524,0.700000,1
2025-03-07,BRK-B,1,0.038295,0.300000,0
2025-03-07,GOOGL,0,-0.047046,0.850000,1
2025-03-07,JNJ,1,-0.023277,0.100000,0
2025-03-07,JPM,0,-0.040614,0.500000,0
2025-03-07,META,1,-0.028001,0.600000,1
2025-03-07,MSFT,1,-0.012077,0.850000,1
2025-03-07,TSLA,0,-0.048312,1.000000,1
2025-03-07,V,0,-0.039152,0.200000,0
2025-03-14,AAPL,1,0.022390,0.600000,1
2025-03-14,AMZN,0,-0.008790,0.700000,1
2025-03-14,BRK-B,1,0.014205,0.500000,0
2025-03-14,GOOGL,0,-0.009064,0.400000,0
2025-03-14,JNJ,0,0.005037,0.100000,0
2025-03-14,JPM,1,0.039537,0.800000,1
2025-03-14,META,0,-0.018680,0.900000,1
2025-03-14,MSFT,1,0.006949,0.300000,0
2025-03-14,TSLA,0,-0.005080,0.200000,0
2025-03-14,V,1,0.011634,1.000000,1
2025-03-21,AAPL,1,-0.001695,0.450000,0
2025-03-21,AMZN,0,-0.017787,0.900000,1
2025-03-21,BRK-B,1,0.008431,0.150000,0
2025-03-21,GOOGL,0,-0.058906,1.000000,1
2025-03-21,JNJ,1,0.000489,0.150000,0
2025-03-21,JPM,1,0.005049,0.600000,1
2025-03-21,META,0,-0.032721,0.700000,1
2025-03-21,MSFT,0,-0.031846,0.800000,1
2025-03-21,TSLA,1,0.059668,0.450000,0
2025-03-21,V,1,0.021421,0.300000,0
2025-03-28,AAPL,0,-0.135475,0.300000,0
2025-03-28,AMZN,0,-0.112702,0.800000,1
2025-03-28,BRK-B,1,-0.062264,0.500000,0
2025-03-28,GOOGL,1,-0.056567,0.700000,1
2025-03-28,JNJ,1,-0.063955,0.100000,0
2025-03-28,JPM,0,-0.128782,1.000000,1
2025-03-28,META,0,-0.124857,0.400000,0
2025-03-28,MSFT,1,-0.050053,0.600000,1
2025-03-28,TSLA,0,-0.091520,0.900000,1
2025-03-28,V,1,-0.086685,0.200000,0
2025-04-04,AAPL,0,0.051863,0.500000,0
2025-04-04,AMZN,1,0.081111,0.300000,0
2025-04-04,BRK-B,0,0.061940,0.950000,1
2025-04-04,GOOGL,1,0.079258,0.400000,0
2025-04-04,JNJ,0,-0.009854,0.600000,1
2025-04-04,JPM,1,0.123264,0.700000,1
2025-04-04,META,1,0.076952,0.100000,0
2025-04-04,MSFT,1,0.079508,0.200000,0
2025-04-04,TSLA,0,0.053794,0.800000,1
2025-04-04,V,0,0.064733,0.950000,1
2025-04-11,AAPL,1,-0.005905,0.400000,0
2025-04-11,AMZN,0,-0.066317,0.700000,1
2025-04-11,BRK-B,1,-0.011257,0.100000,0
2025-04-11,GOOGL,0,-0.038055,0.500000,0
2025-04-11,JNJ,1,0.037830,0.200000,0
2025-04-11,JPM,1,-0.017951,0.800000,1
2025-04-11,META,0,-0.077432,0.300000,0
2025-04-11,MSFT,0,-0.053212,0.600000,1
2025-04-11,TSLA,0,-0.043359,0.900000,1
2025-04-11,V,1,-0.011368,1.000000,1
2025-04-18,AAPL,0,0.062443,0.200000,0
2025-04-18,AMZN,1,0.094896,0.300000,0
2025-04-18,BRK-B,0,0.024604,0.800000,1
2025-04-18,GOOGL,1,0.071448,0.950000,1
2025-04-18,JNJ,0,-0.018353,0.950000,1
2025-04-18,JPM,0,0.049965,0.500000,0
2025-04-18,META,1,0.091310,0.100000,0
2025-04-18,MSFT,1,0.065447,0.700000,1
2025-04-18,TSLA,1,0.180553,0.600000,1
2025-04-18,V,0,0.016868,0.400000,0
2025-04-25,AAPL,0,-0.018779,0.400000,0
2025-04-25,AMZN,0,0.005238,0.900000,1
2025-04-25,BRK-B,0,0.016649,0.100000,0
2025-04-25,GOOGL,0,0.012781,0.750000,1
2025-04-25,JNJ,0,0.009963,0.200000,0
2025-04-25,JPM,1,0.036789,1.000000,1
2025-04-25,META,1,0.090906,0.600000,1
2025-04-25,MSFT,1,0.110833,0.300000,0
2025-04-25,TSLA,0,0.007931,0.500000,0
2025-04-25,V,1,0.037086,0.750000,1
2025-05-02,AAPL,0,-0.033212,0.400000,0
2025-05-02,AMZN,1,0.016212,0.300000,0
2025-05-02,BRK-B,0,-0.048277,0.100000,0
2025-05-02,GOOGL,0,-0.068768,0.600000,1
2025-05-02,JNJ,0,-0.012170,0.700000,1
2025-05-02,JPM,1,0.002257,0.900000,1
2025-05-02,META,1,-0.007588,0.200000,0
2025-05-02,MSFT,1,0.007926,1.000000,1
2025-05-02,TSLA,1,0.038474,0.500000,0
2025-05-02,V,1,0.014212,0.800000,1
2025-05-09,AAPL,1,0.065517,0.700000,1
2025-05-09,AMZN,1,0.064902,0.600000,1
2025-05-09,BRK-B,0,0.001110,0.500000,0
2025-05-09,GOOGL,1,0.087987,0.250000,0
2025-05-09,JNJ,0,-0.018740,0.250000,0
2025-05-09,JPM,0,0.057215,0.400000,0
2025-05-09,META,1,0.080761,0.800000,1
2025-05-09,MSFT,0,0.037321,1.000000,1
2025-05-09,TSLA,1,0.173406,0.900000,1
2025-05-09,V,0,0.037404,0.100000,0
2025-05-16,AAPL,0,-0.075689,0.300000,0
2025-05-16,AMZN,0,-0.022375,0.200000,0
2025-05-16,BRK-B,1,-0.021096,1.000000,1
2025-05-16,GOOGL,1,0.013719,0.400000,0
2025-05-16,JNJ,1,0.010639,0.650000,1
2025-05-16,JPM,0,-0.025602,0.500000,0
2025-05-16,META,1,-0.020739,0.800000,1
2025-05-16,MSFT,1,-0.009003,0.650000,1
2025-05-16,TSLA,0,-0.030402,0.100000,0
2025-05-16,V,0,-0.031716,0.900000,1
2025-05-23,AAPL,1,0.028576,0.400000,0
2025-05-23,AMZN,0,0.020001,0.700000,1
2025-05-23,BRK-B,0,0.000993,0.100000,0
2025-05-23,GOOGL,0,0.019410,0.300000,0
2025-05-23,JNJ,1,0.023543,0.200000,0
2025-05-23,JPM,0,0.012619,0.600000,1
2025-05-23,META,1,0.032581,0.500000,0
2025-05-23,MSFT,1,0.022613,1.000000,1
2025-05-23,TSLA,0,0.020982,0.900000,1
2025-05-23,V,1,0.032953,0.800000,1
2025-05-30,AAPL,1,0.015285,0.800000,1
2025-05-30,AMZN,1,0.041754,0.300000,0
2025-05-30,BRK-B,0,-0.020696,0.200000,0
2025-05-30,GOOGL,1,0.011296,0.700000,1
2025-05-30,JNJ,0,-0.001160,0.400000,0
2025-05-30,JPM,1,0.006553,0.500000,0
2025-05-30,META,1,0.077561,0.900000,1
2025-05-30,MSFT,1,0.021766,0.100000,0
2025-05-30,TSLA,0,-0.148127,1.000000,1
2025-05-30,V,1,0.013773,0.600000,1
2025-06-06,AAPL,0,-0.036632,0.200000,0
2025-06-06,AMZN,0,-0.006883,0.300000,0
2025-06-06,BRK-B,0,-0.012137,0.700000,1
2025-06-06,GOOGL,1,0.006918,0.600000,1
2025-06-06,JNJ,1,0.013352,0.900000,1
2025-06-06,JPM,0,-0.002935,1.000000,1
2025-06-06,META,0,-0.021270,0.400000,0
2025-06-06,MSFT,1,0.009737,0.100000,0
2025-06-06,TSLA,1,0.102223,0.500000,0
2025-06-06,V,0,-0.046918,0.800000,1
2025-06-13,AAPL,1,0.023161,0.700000,1
2025-06-13,AMZN,0,-0.011363,0.400000,0
2025-06-13,BRK-B,1,-0.005518,0.600000,1
2025-06-13,GOOGL,0,-0.045972,0.300000,0
2025-06-13,JNJ,0,-0.046531,0.800000,1
2025-06-13,JPM,1,0.037932,0.200000,0
2025-06-13,META,1,0.000007,0.500000,0
2025-06-13,MSFT,1,0.005137,0.100000,0
2025-06-13,TSLA,0,-0.009683,1.000000,1
2025-06-13,V,0,-0.040470,0.900000,1
2025-06-20,AAPL,0,0.000398,0.350000,0
2025-06-20,AMZN,1,0.064905,0.600000,1
2025-06-20,BRK-B,0,0.001712,0.200000,0
2025-06-20,GOOGL,1,0.071351,0.700000,1
2025-06-20,JNJ,0,0.017491,0.900000,1
2025-06-20,JPM,1,0.044036,0.350000,0
2025-06-20,META,1,0.075152,0.800000,1
2025-06-20,MSFT,1,0.038835,0.100000,0
2025-06-20,TSLA,0,0.004563,0.500000,0
2025-06-20,V,0,0.029654,1.000000,1
2025-06-27,AAPL,1,0.062015,0.400000,0
2025-06-27,AMZN,0,0.000493,0.500000,0
2025-06-27,BRK-B,0,-0.001400,0.700000,1
2025-06-27,GOOGL,0,0.005601,0.800000,1
2025-06-27,JNJ,1,0.023620,0.900000,1
2025-06-27,JPM,1,0.035930,0.300000,0
2025-06-27,META,0,-0.019928,0.100000,0
2025-06-27,MSFT,0,0.005848,0.200000,0
2025-06-27,TSLA,0,-0.025585,1.000000,1
2025-06-27,V,1,0.029402,0.600000,1
2025-07-04,AAPL,0,-0.011192,0.600000,1
2025-07-04,AMZN,1,0.007206,0.300000,0
2025-07-04,BRK-B,0,-0.018845,0.800000,1
2025-07-04,GOOGL,1,0.003676,0.100000,0
2025-07-04,JNJ,1,0.005705,0.500000,0
2025-07-04,JPM,0,-0.030878,0.700000,1
2025-07-04,META,1,-0.002086,0.400000,0
2025-07-04,MSFT,1,0.008981,0.200000,0
2025-07-04,TSLA,1,-0.005835,0.950000,1
2025-07-04,V,0,-0.030457,0.950000,1
2025-07-11,AAPL,0,0.000095,0.100000,0
2025-07-11,AMZN,0,0.004933,0.500000,0
2025-07-11,BRK-B,0,-0.004329,0.200000,0
2025-07-11,GOOGL,1,0.027027,0.800000,1
2025-07-11,JNJ,1,0.043340,0.900000,1
2025-07-11,JPM,1,0.015373,0.600000,1
2025-07-11,META,0,-0.018439,0.700000,1
2025-07-11,MSFT,0,0.013371,0.300000,0
2025-07-11,TSLA,1,0.051482,0.400000,0
2025-07-11,V,0,0.003219,1.000000,1
2025-07-18,AAPL,0,0.012785,0.800000,1
2025-07-18,AMZN,1,0.023482,0.100000,0
2025-07-18,BRK-B,1,0.021676,0.200000,0
2025-07-18,GOOGL,1,0.043878,0.900000,1
2025-07-18,JNJ,1,0.028100,1.000000,1
2025-07-18,JPM,1,0.025234,0.700000,1
2025-07-18,META,0,0.011927,0.300000,0
2025-07-18,MSFT,0,0.007176,0.400000,0
2025-07-18,TSLA,0,-0.041226,0.600000,1
2025-07-18,V,1,0.022891,0.500000,0
2025-07-25,AAPL,0,-0.053768,0.700000,1
2025-07-25,AMZN,0,-0.072114,0.100000,0
2025-07-25,BRK-B,0,-0.023199,0.900000,1
2025-07-25,GOOGL,1,-0.020965,0.300000,0
2025-07-25,JNJ,1,-0.005764,1.000000,1
2025-07-25,JPM,0,-0.030976,0.400000,0
2025-07-25,META,1,0.052380,0.200000,0
2025-07-25,MSFT,1,0.020245,0.600000,1
2025-07-25,TSLA,0,-0.042492,0.800000,1
2025-07-25,V,0,-0.049546,0.500000,0
2025-08-01,AAPL,1,0.133264,0.700000,1
2025-08-01,AMZN,1,0.036973,0.400000,0
2025-08-01,BRK-B,0,-0.015735,0.500000,0
2025-08-01,GOOGL,1,0.064982,0.250000,0
2025-08-01,JNJ,1,0.035857,0.800000,1
2025-08-01,JPM,0,-0.002108,0.250000,0
2025-08-01,META,0,0.025720,0.100000,0
2025-08-01,MSFT,0,-0.003949,0.900000,1
2025-08-01,TSLA,1,0.089284,1.000000,1
2025-08-01,V,0,-0.007573,0.600000,1
2025-08-08,AAPL,0,0.010913,0.600000,1
2025-08-08,AMZN,1,0.037451,0.800000,1
2025-08-08,BRK-B,1,0.025355,1.000000,1
2025-08-08,GOOGL,0,0.012313,0.400000,0
2025-08-08,JNJ,1,0.019097,0.700000,1
2025-08-08,JPM,0,0.005991,0.200000,0
2025-08-08,META,1,0.020707,0.100000,0
2025-08-08,MSFT,0,-0.003582,0.300000,0
2025-08-08,TSLA,0,0.002761,0.500000,0
2025-08-08,V,1,0.024634,0.900000,1
2025-08-15,AAPL,0,-0.016538,0.200000,0
2025-08-15,AMZN,0,-0.009479,0.100000,0
2025-08-15,BRK-B,1,0.024728,0.450000,0
2025-08-15,GOOGL,1,0.010741,0.300000,0
2025-08-15,JNJ,1,0.015002,0.700000,1
2025-08-15,JPM,1,0.019794,0.600000,1
2025-08-15,META,0,-0.038766,0.450000,0
2025-08-15,MSFT,0,-0.023273,1.000000,1
2025-08-15,TSLA,1,0.028588,0.900000,1
2025-08-15,V,1,0.016170,0.800000,1
2025-08-22,AAPL,1,0.019231,0.650000,1
2025-08-22,AMZN,0,0.000699,0.400000,0
2025-08-22,BRK-B,1,0.028589,0.100000,0
2025-08-22,GOOGL,1,0.033092,1.000000,1
2025-08-22,JNJ,0,-0.004571,0.650000,1
2025-08-22,JPM,1,0.017486,0.500000,0
2025-08-22,META,0,-0.021317,0.200000,0
2025-08-22,MSFT,0,-0.001065,0.800000,1
2025-08-22,TSLA,0,-0.018058,0.900000,1
2025-08-22,V,0,0.004971,0.300000,0
2025-08-29,AAPL,1,0.032523,0.700000,1
2025-08-29,AMZN,0,0.014541,0.900000,1
2025-08-29,BRK-B,0,-0.006382,0.300000,0
2025-08-29,GOOGL,1,0.103753,0.500000,0
2025-08-29,JNJ,0,0.007112,0.100000,0
2025-08-29,JPM,0,-0.023356,0.200000,0
2025-08-29,META,1,0.018614,0.600000,1
2025-08-29,MSFT,0,-0.023071,0.400000,0
2025-08-29,TSLA,1,0.050828,1.000000,1
2025-08-29,V,0,-0.024333,0.800000,1
2025-09-05,AAPL,0,-0.023447,0.200000,0
2025-09-05,AMZN,0,-0.017992,0.300000,0
2025-09-05,BRK-B,0,-0.012066,0.650000,1
2025-09-05,GOOGL,1,0.025597,0.400000,0
2025-09-05,JNJ,0,-0.002074,0.100000,0
2025-09-05,JPM,1,0.042564,1.000000,1
2025-09-05,META,0,0.004173,0.500000,0
2025-09-05,MSFT,1,0.030101,0.900000,1
2025-09-05,TSLA,1,0.128549,0.800000,1
2025-09-05,V,0,-0.011042,0.650000,1
2025-09-12,AAPL,1,0.048831,0.100000,0
2025-09-12,AMZN,0,0.014596,0.500000,0
2025-09-12,BRK-B,0,-0.001803,0.200000,0
2025-09-12,GOOGL,1,0.057807,0.700000,1
2025-09-12,JNJ,0,-0.010502,0.300000,0
2025-09-12,JPM,0,0.025643,0.800000,1
2025-09-12,META,1,0.030162,0.400000,0
2025-09-12,MSFT,0,0.015748,1.000000,1
2025-09-12,TSLA,1,0.076097,0.600000,1
2025-09-12,V,0,0.006423,0.900000,1
2025-09-19,AAPL,1,0.040570,0.200000,0
2025-09-19,AMZN,0,-0.050544,0.400000,0
2025-09-19,BRK-B,1,0.014568,0.100000,0
2025-09-19,GOOGL,0,-0.032114,1.000000,1
2025-09-19,JNJ,1,0.019978,0.300000,0
2025-09-19,JPM,1,0.004066,0.550000,1
2025-09-19,META,0,-0.043845,0.550000,1
2025-09-19,MSFT,0,-0.012492,0.800000,1
2025-09-19,TSLA,1,0.033633,0.900000,1
2025-09-19,V,0,-0.012412,0.700000,1
2025-09-26,AAPL,1,0.010021,0.100000,0
2025-09-26,AMZN,0,-0.001229,0.700000,1
2025-09-26,BRK-B,0,-0.002560,0.300000,0
2025-09-26,GOOGL,0,-0.004827,0.400000,0
2025-09-26,JNJ,1,0.049691,0.200000,0
2025-09-26,JPM,0,-0.019079,1.000000,1
2025-09-26,META,0,-0.044625,0.500000,0
2025-09-26,MSFT,1,0.011516,0.900000,1
2025-09-26,TSLA,0,-0.024001,0.800000,1
2025-09-26,V,1,0.036962,0.600000,1
2025-10-03,AAPL,0,-0.049415,0.200000,0
2025-10-03,AMZN,1,-0.014305,0.950000,1
2025-10-03,BRK-B,1,-0.019288,0.500000,0
2025-10-03,GOOGL,0,-0.035786,0.600000,1
2025-10-03,JNJ,1,0.011026,0.100000,0
2025-10-03,JPM,0,-0.024762,0.400000,0
2025-10-03,META,1,-0.007403,0.950000,1
2025-10-03,MSFT,1,-0.012351,0.300000,0
2025-10-03,TSLA,0,-0.038015,0.800000,1
2025-10-03,V,1,-0.017694,0.700000,1
2025-10-10,AAPL,1,0.028621,0.700000,1
2025-10-10,AMZN,0,-0.015390,0.600000,1
2025-10-10,BRK-B,0,0.006726,0.200000,0
2025-10-10,GOOGL,1,0.070719,0.400000,0
2025-10-10,JNJ,0,0.013108,0.100000,0
2025-10-10,JPM,0,-0.011067,1.000000,1
2025-10-10,META,0,0.016475,0.500000,0
2025-10-10,MSFT,0,0.005128,0.900000,1
2025-10-10,TSLA,1,0.062444,0.800000,1
2025-10-10,V,0,-0.005121,0.300000,0
2025-10-17,AAPL,1,0.041738,0.400000,0
2025-10-17,AMZN,1,0.052432,0.950000,1
2025-10-17,BRK-B,0,-0.000650,0.200000,0
2025-10-17,GOOGL,1,0.026135,0.700000,1
2025-10-17,JNJ,0,-0.014595,0.100000,0
2025-10-17,JPM,0,0.009679,0.600000,1
2025-10-17,META,1,0.029906,0.500000,0
2025-10-17,MSFT,1,0.019529,0.300000,0
2025-10-17,TSLA,0,-0.012724,0.800000,1
2025-10-17,V,0,0.016058,0.950000,1
2025-10-24,AAPL,1,0.028727,0.500000,0
2025-10-24,AMZN,1,0.089247,1.000000,1
2025-10-24,BRK-B,0,-0.029587,0.100000,0
2025-10-24,GOOGL,1,0.081833,0.200000,0
2025-10-24,JNJ,0,-0.008036,0.400000,0
2025-10-24,JPM,1,0.035548,0.600000,1
2025-10-24,META,0,-0.121905,0.900000,1
2025-10-24,MSFT,0,-0.011077,0.300000,0
2025-10-24,TSLA,1,0.052661,0.800000,1
2025-10-24,V,0,-0.019115,0.700000,1
2025-10-31,AAPL,1,-0.007027,0.200000,0
2025-10-31,AMZN,1,0.000778,0.500000,0
2025-10-31,BRK-B,1,0.045064,0.400000,0
2025-10-31,GOOGL,1,-0.008393,0.600000,1
2025-10-31,JNJ,1,-0.012178,0.100000,0
2025-10-31,JPM,1,0.009932,0.300000,0
2025-10-31,META,0,-0.041089,1.000000,1
2025-10-31,MSFT,0,-0.040536,0.700000,1
2025-10-31,TSLA,0,-0.059226,0.800000,1
2025-10-31,V,0,-0.013852,0.900000,1
2025-11-07,AAPL,1,0.015659,0.600000,1
2025-11-07,AMZN,0,-0.039769,0.900000,1
2025-11-07,BRK-B,1,0.019797,0.400000,0
2025-11-07,GOOGL,0,-0.008679,0.150000,0
2025-11-07,JNJ,1,0.050169,0.300000,0
2025-11-07,JPM,0,-0.033735,0.150000,0
2025-11-07,META,0,-0.019704,1.000000,1
2025-11-07,MSFT,1,0.026891,0.700000,1
2025-11-07,TSLA,0,-0.058600,0.800000,1
2025-11-07,V,0,-0.015911,0.500000,0
2025-11-14,AAPL,1,-0.003377,0.400000,0
2025-11-14,AMZN,0,-0.059653,0.900000,1
2025-11-14,BRK-B,1,-0.009628,0.200000,0
2025-11-14,GOOGL,1,0.084114,0.700000,1
2025-11-14,JNJ,1,0.040678,0.300000,0
2025-11-14,JPM,0,-0.018412,0.600000,1
2025-11-14,META,0,-0.024957,0.100000,0
2025-11-14,MSFT,0,-0.072869,0.800000,1
2025-11-14,TSLA,0,-0.032793,1.000000,1
2025-11-14,V,1,-0.006181,0.500000,0
2025-11-21,AAPL,0,0.027110,0.300000,0
2025-11-21,AMZN,1,0.056776,1.000000,1
2025-11-21,BRK-B,0,0.019383,0.700000,1
2025-11-21,GOOGL,1,0.068478,0.200000,0
2025-11-21,JNJ,0,0.021254,0.100000,0
2025-11-21,JPM,1,0.050534,0.800000,1
2025-11-21,META,1,0.090366,0.900000,1
2025-11-21,MSFT,0,0.042129,0.600000,1
2025-11-21,TSLA,1,0.099926,0.500000,0
2025-11-21,V,0,0.019696,0.400000,0
2025-11-28,AAPL,0,-0.000251,0.250000,0
2025-11-28,AMZN,0,-0.015822,0.900000,1
2025-11-28,BRK-B,0,-0.018431,0.400000,0
2025-11-28,GOOGL,1,0.003404,0.250000,0
2025-11-28,JNJ,0,-0.024116,0.100000,0
2025-11-28,JPM,1,0.006260,0.600000,1
2025-11-28,META,1,0.039309,1.000000,1
2025-11-28,MSFT,0,-0.017987,0.800000,1
2025-11-28,TSLA,1,0.057721,0.700000,1
2025-11-28,V,0,-0.009568,0.500000,0
2025-12-05,AAPL,0,-0.001793,0.500000,0
2025-12-05,AMZN,0,-0.014551,0.600000,1
2025-12-05,BRK-B,0,-0.009557,0.300000,0
2025-12-05,GOOGL,0,-0.036660,0.700000,1
2025-12-05,JNJ,1,0.047789,0.100000,0
2025-12-05,JPM,1,0.011046,0.400000,0
2025-12-05,META,0,-0.043346,0.800000,1
2025-12-05,MSFT,0,-0.009583,0.200000,0
2025-12-05,TSLA,1,0.008703,1.000000,1
2025-12-05,V,1,0.050084,0.900000,1
2025-12-12,AAPL,0,-0.016566,0.100000,0
2025-12-12,AMZN,1,0.005128,0.800000,1
2025-12-12,BRK-B,0,-0.009990,0.200000,0
2025-12-12,GOOGL,0,-0.006887,0.500000,0
2025-12-12,JNJ,0,-0.024624,0.400000,0
2025-12-12,JPM,0,-0.004113,0.300000,0
2025-12-12,META,1,0.023404,0.900000,1
2025-12-12,MSFT,1,0.015443,0.700000,1
2025-12-12,TSLA,1,0.048457,1.000000,1
2025-12-12,V,1,0.004082,0.600000,1
2025-12-19,AAPL,0,-0.000987,0.400000,0
2025-12-19,AMZN,1,0.022740,0.900000,1
2025-12-19,BRK-B,0,0.007623,0.200000,0
2025-12-19,GOOGL,1,0.020673,1.000000,1
2025-12-19,JNJ,0,0.006106,0.300000,0
2025-12-19,JPM,1,0.033732,0.500000,0
2025-12-19,META,0,0.006861,0.800000,1
2025-12-19,MSFT,0,0.003684,0.700000,1
2025-12-19,TSLA,0,-0.012490,0.600000,1
2025-12-19,V,1,0.016464,0.100000,0
2025-12-26,AAPL,1,-0.001170,0.200000,0
2025-12-26,AMZN,1,0.000043,0.800000,1
2025-12-26,BRK-B,1,0.010857,0.100000,0
2025-12-26,GOOGL,1,0.001085,0.400000,0
2025-12-26,JNJ,1,-0.003468,0.500000,0
2025-12-26,JPM,0,-0.013693,0.700000,1
2025-12-26,META,1,0.004010,0.900000,1
2025-12-26,MSFT,1,-0.000472,0.300000,0
2025-12-26,TSLA,0,-0.043688,1.000000,1
2025-12-26,V,1,-0.003887,0.600000,1
2026-01-02,AAPL,0,,0.100000,0
2026-01-02,AMZN,0,,0.600000,1
2026-01-02,BRK-B,0,,0.700000,1
2026-01-02,GOOGL,0,,0.250000,0
2026-01-02,JNJ,0,,0.400000,0
2026-01-02,JPM,0,,0.500000,0
2026-01-02,META,0,,0.900000,1
2026-01-02,MSFT,0,,0.800000,1
2026-01-02,TSLA,0,,1.000000,1
2026-01-02,V,0,,0.250000,0
